salary,tenure,credit_score,age,loan_amount,interest_rate,checking_savings,existing_debt,DTI,Approvals
31330.62,19,726,85,116286.6,3.8,9297.29,8083.4,0.26,Approved
55615.74,22,795,72,221657.4,2.7,39.46,55147.37,0.99,Denied
36675.24,20,770,78,216.2,2.6,8518.11,9871.6,0.27,Approved
44029.23,28,629,52,159204.33,3.8,-771.14,28568.65,0.65,Denied
50331.45,11,737,74,420109.03,3.4,6565.92,69153.25,1.37,Denied
58727.23,5,776,32,100111.58,3.9,1130.13,3293.22,0.06,Approved
28960.66,27,703,63,493880.8,2.9,2679.1,24722.06,0.85,Denied
55537.52,30,763,61,278656.13,4.0,6777.21,23126.62,0.42,Denied
36377.72,29,727,37,403234.09,3.8,5600.5,18547.97,0.51,Denied
55502.09,18,738,35,139058.33,3.8,-341.14,15201.1,0.27,Approved
43412.35,18,729,66,351910.97,3.7,4488.88,51999.29,1.2,Denied
53891.98,3,631,77,53019.43,3.7,6684.73,68223.15,1.27,Denied
38602.3,13,850,69,192148.04,2.6,7170.67,54607.47,1.41,Denied
26958.46,9,760,75,7767.76,3.8,9216.97,18518.69,0.69,Denied
33602.68,23,806,84,281388.61,2.7,6587.25,64218.46,1.91,Denied
35041.53,21,818,33,252726.28,3.8,5763.66,37993.93,1.08,Denied
35979.77,28,734,69,314597.15,3.4,7496.59,71436.05,1.99,Denied
50396.09,22,658,18,65326.46,2.6,5946.69,22508.12,0.45,Denied
50912.22,10,672,70,396094.78,2.9,1752.23,52302.7,1.03,Denied
56998.01,15,688,54,251482.35,3.8,4237.59,59938.61,1.05,Denied
57706.6,23,790,71,136884.51,3.0,6309.65,51480.37,0.89,Denied
28114.05,2,771,33,439194.73,3.2,4343.49,23322.55,0.83,Denied
55181.63,3,633,68,420620.6,3.2,8017.48,4024.73,0.07,Approved
52538.62,7,720,26,256042.6,2.6,5622.01,8226.77,0.16,Approved
27028.65,30,813,69,203804.19,3.0,2334.56,74693.31,2.76,Denied
59648.8,17,677,44,336200.85,3.1,8669.06,51496.28,0.86,Denied
51776.21,27,712,58,486366.77,2.8,-126.46,70433.88,1.36,Denied
29827.5,13,630,82,206762.59,3.7,2107.41,54484.04,1.83,Denied
28205.79,24,667,81,9409.39,3.8,3406.11,6345.86,0.22,Approved
28616.59,18,757,37,107467.33,2.8,-336.71,26057.81,0.91,Denied
36506.58,19,705,19,211217.14,3.6,9648.68,40276.69,1.1,Denied
56993.46,22,835,41,258845.01,3.8,7184.75,11978.22,0.21,Approved
32326.7,7,753,48,51195.94,2.7,337.59,20674.49,0.64,Denied
44310.68,20,849,75,271735.35,2.6,8799.13,48453.15,1.09,Denied
51298.03,8,682,28,458733.55,2.9,7704.51,60182.91,1.17,Denied
59786.29,30,845,73,144077.05,2.8,5319.63,53509.31,0.9,Denied
47051.51,2,823,59,234002.69,3.5,5983.51,34273.85,0.73,Denied
51186.52,13,839,62,104991.75,3.6,8215.87,22195.51,0.43,Denied
52075.1,11,688,30,159870.43,3.7,9269.0,1564.6,0.03,Approved
58437.72,10,639,36,121072.25,2.9,4229.89,48662.04,0.83,Denied
31061.32,2,808,32,34053.94,2.7,2513.13,12549.54,0.4,Denied
58049.76,18,842,50,94492.93,3.4,4307.05,57165.65,0.98,Denied
30120.68,23,628,82,494300.54,3.2,4530.84,5190.45,0.17,Approved
48118.34,30,804,66,446778.69,4.0,8692.67,20697.88,0.43,Denied
44251.27,15,791,24,316625.64,3.2,5400.09,34778.39,0.79,Denied
34845.34,25,768,79,99271.59,2.8,8728.73,35399.85,1.02,Denied
44090.31,13,788,77,415161.52,3.0,6681.12,16857.07,0.38,Denied
49683.59,15,805,74,37707.49,3.8,-933.36,5780.01,0.12,Approved
40057.87,3,819,47,197776.32,2.6,6732.61,53117.99,1.33,Denied
43730.56,23,843,30,464506.17,2.5,210.55,14287.62,0.33,Approved
47052.44,11,793,81,112960.62,2.9,6681.63,43177.16,0.92,Denied
44409.2,26,696,84,162218.9,3.6,-666.46,21312.08,0.48,Denied
44150.24,20,835,32,186079.15,2.7,6148.76,8317.5,0.19,Approved
41907.22,21,696,55,409588.88,2.7,-852.27,53775.92,1.28,Denied
54619.91,10,632,35,39298.04,2.8,1570.66,13664.35,0.25,Approved
48126.12,14,689,19,77497.08,3.6,4893.86,41653.53,0.87,Denied
30242.79,17,771,58,390844.28,3.7,-564.97,15426.85,0.51,Denied
35005.13,11,623,81,327735.84,4.0,1741.39,73372.23,2.1,Denied
29975.1,12,818,32,363034.99,3.5,1257.75,33835.28,1.13,Denied
59850.47,5,847,77,465831.05,3.9,1871.68,30520.29,0.51,Denied
35380.86,12,694,19,341744.41,3.3,8168.6,53451.83,1.51,Denied
38249.63,16,808,41,213851.96,2.6,1848.83,64640.96,1.69,Denied
45206.85,24,699,34,431946.05,2.7,-75.56,17506.33,0.39,Denied
56069.35,6,800,65,22177.43,2.7,1812.97,40797.07,0.73,Denied
38439.81,12,661,71,397818.84,3.0,7473.76,73436.91,1.91,Denied
35204.27,20,774,59,205524.82,3.1,3778.3,64723.23,1.84,Denied
34983.6,12,828,35,332738.82,3.7,2522.94,22460.24,0.64,Denied
32837.9,9,778,43,18528.52,3.4,6236.64,1736.48,0.05,Approved
50220.69,12,720,58,326629.45,2.7,8315.96,36266.04,0.72,Denied
34771.34,27,791,50,396701.14,4.0,6472.23,27896.34,0.8,Denied
51415.13,27,733,69,331139.86,2.8,9121.47,9967.41,0.19,Approved
40774.58,30,684,37,377748.34,3.6,8091.12,45571.83,1.12,Denied
38195.07,1,662,40,324227.89,3.4,8140.2,19747.1,0.52,Denied
52988.13,7,680,38,457041.95,3.2,-809.34,27132.95,0.51,Denied
39696.51,11,807,20,226955.8,3.1,9099.35,52455.11,1.32,Denied
34828.83,24,738,81,110562.54,3.1,2027.82,17765.21,0.51,Denied
39499.37,27,745,40,388079.62,3.3,5116.24,21487.01,0.54,Denied
30843.5,3,719,69,38476.98,3.0,6385.87,61327.67,1.99,Denied
33039.57,10,798,32,428652.09,2.5,9156.05,16721.32,0.51,Denied
47367.69,5,768,71,289681.15,3.3,855.66,54839.83,1.16,Denied
29516.63,4,752,34,315209.69,3.5,2368.1,70214.21,2.38,Denied
50901.05,28,805,49,25165.28,3.3,1108.68,1779.69,0.03,Approved
33802.54,22,774,38,285936.79,3.0,8964.36,32364.19,0.96,Denied
31374.44,23,724,73,365438.24,2.7,4530.69,5444.7,0.17,Approved
30487.3,27,747,43,386756.79,3.4,6822.03,59891.45,1.96,Denied
56511.03,17,730,85,441982.11,2.9,3407.67,7861.78,0.14,Approved
55493.95,24,640,85,164078.59,2.8,5465.5,6866.97,0.12,Approved
50732.16,26,791,37,146269.81,3.5,8638.96,4395.92,0.09,Approved
56832.67,19,692,19,81749.55,3.2,4316.42,1723.03,0.03,Approved
38342.1,14,699,41,470363.78,3.0,4830.98,8420.09,0.22,Approved
29543.11,5,737,21,350227.04,2.8,2211.2,68792.25,2.33,Denied
33361.68,2,780,69,416029.74,3.5,5416.67,60761.87,1.82,Denied
30546.14,16,692,68,457622.63,3.7,5641.45,59838.63,1.96,Denied
46057.28,5,803,36,347574.51,3.3,969.41,50746.09,1.1,Denied
34985.07,7,828,55,497590.56,3.6,9175.11,47851.53,1.37,Denied
45741.0,10,756,62,444752.62,2.6,7989.11,46859.63,1.02,Denied
47261.88,23,639,80,344038.65,3.3,4194.03,66424.59,1.41,Denied
46036.0,16,631,22,431516.83,3.5,5134.13,12392.86,0.27,Approved
53872.61,20,843,36,359924.19,3.3,9019.73,70750.69,1.31,Denied
44427.8,27,716,71,334556.25,2.8,1308.27,68924.23,1.55,Denied
34839.3,10,761,35,250210.87,3.4,2271.53,44577.0,1.28,Denied
50397.34,14,681,76,362700.89,3.1,2478.54,20250.72,0.4,Denied
47108.46,4,769,26,161627.77,2.9,2131.6,31177.61,0.66,Denied
29665.51,14,781,71,40834.04,3.2,7301.61,18359.04,0.62,Denied
46231.82,8,748,82,16765.6,3.9,3105.2,39248.32,0.85,Denied
49204.39,4,836,20,488511.53,3.9,9153.34,4245.78,0.09,Approved
46410.57,28,639,50,470689.54,3.1,5395.3,71802.7,1.55,Denied
41403.67,9,724,36,337675.03,2.5,113.32,56260.77,1.36,Denied
51275.8,8,736,76,139509.99,3.6,6122.14,34597.42,0.67,Denied
48773.28,15,738,64,402416.76,3.5,8999.21,67986.55,1.39,Denied
35596.84,25,802,64,101547.0,3.7,5693.63,69923.07,1.96,Denied
35038.17,20,735,70,154699.22,3.4,6587.07,51491.28,1.47,Denied
50848.87,16,728,25,491309.79,3.8,8699.96,70420.94,1.38,Denied
49998.04,23,639,27,281.75,3.1,1524.53,32481.15,0.65,Denied
37050.84,27,844,31,243368.21,3.6,3861.04,60957.62,1.65,Denied
38272.66,21,719,78,143572.94,3.5,7881.96,50426.15,1.32,Denied
31526.64,27,743,26,85623.61,3.8,693.4,9634.67,0.31,Approved
48295.75,21,805,28,230638.11,3.7,4323.59,16126.35,0.33,Approved
33247.35,21,743,65,306129.68,3.9,2190.99,387.64,0.01,Approved
46036.86,9,773,25,294735.44,3.0,8003.94,5079.4,0.11,Approved
33769.41,21,668,54,74266.36,3.1,4893.53,67949.47,2.01,Denied
45663.1,2,693,19,488700.31,3.9,6147.06,13651.5,0.3,Approved
49112.63,25,629,40,288635.07,3.0,5257.34,29802.65,0.61,Denied
56871.88,5,692,79,180247.49,2.8,8955.78,57698.79,1.01,Denied
59122.13,3,643,56,277709.79,3.8,8935.21,7070.4,0.12,Approved
37929.07,18,765,32,84604.64,2.9,-776.09,57067.77,1.5,Denied
44890.15,6,834,42,424265.54,2.5,5131.33,33113.11,0.74,Denied
27380.33,10,726,66,113969.65,2.6,4413.82,6392.26,0.23,Approved
55871.54,22,725,43,54533.44,3.7,1901.51,39753.84,0.71,Denied
37859.24,6,768,68,197370.04,3.8,309.53,27337.15,0.72,Denied
51119.05,29,629,46,217625.08,3.3,6333.77,71576.37,1.4,Denied
41446.03,17,633,53,69562.13,3.4,2248.85,68388.9,1.65,Denied
56571.91,19,795,40,260249.77,2.7,5136.74,6044.19,0.11,Approved
51326.78,18,826,37,96818.46,3.7,4617.83,54257.11,1.06,Denied
30043.62,4,668,65,436247.72,3.2,2262.45,14725.44,0.49,Denied
27290.38,25,631,78,444062.78,2.6,6167.0,66464.0,2.44,Denied
32709.57,8,665,45,422359.27,2.8,6523.49,28.19,0.0,Approved
47391.62,23,839,70,7409.72,2.6,1718.21,47965.94,1.01,Denied
32712.98,25,828,79,358946.14,2.9,6908.94,17378.21,0.53,Denied
49760.21,3,795,23,82570.79,3.6,7441.37,53239.52,1.07,Denied
26507.86,25,677,70,217678.22,3.5,6214.72,66586.74,2.51,Denied
45989.55,18,821,58,12788.34,4.0,6162.5,28358.59,0.62,Denied
50404.41,8,674,23,346530.03,2.9,3940.27,42759.85,0.85,Denied
26753.18,21,850,41,279356.53,3.6,6334.0,71107.42,2.66,Denied
34283.22,21,820,29,48303.95,2.7,9876.32,68765.81,2.01,Denied
37051.72,26,754,40,101095.57,3.2,4814.63,17075.87,0.46,Denied
32457.44,27,730,63,211302.44,3.1,505.54,11420.09,0.35,Approved
38596.63,26,748,31,400891.23,3.2,8758.27,5507.1,0.14,Approved
26995.49,1,703,85,446109.42,3.4,3651.79,32751.77,1.21,Denied
52752.49,23,824,41,117953.62,3.4,3455.69,13858.99,0.26,Approved
46150.57,19,652,18,276341.39,2.8,8573.57,67464.64,1.46,Denied
48013.76,25,657,41,419819.16,2.5,-100.13,71583.27,1.49,Denied
28183.48,18,743,79,340368.04,3.8,9941.55,54630.98,1.94,Denied
49975.79,6,629,74,411420.93,2.9,4752.93,63762.21,1.28,Denied
52784.11,25,659,84,399092.78,2.6,8101.06,48764.01,0.92,Denied
41504.53,22,807,77,245093.22,3.0,-207.19,52133.74,1.26,Denied
57133.05,4,708,40,92560.41,2.7,3756.74,68533.58,1.2,Denied
33536.93,14,781,53,310560.53,3.1,9403.04,71080.85,2.12,Denied
27593.97,2,837,59,264342.84,3.1,8394.61,47506.91,1.72,Denied
35758.84,14,728,21,164664.8,3.3,8615.32,55364.92,1.55,Denied
50164.72,19,835,75,125077.74,2.9,8648.23,61590.34,1.23,Denied
56948.08,8,819,24,416598.8,3.8,1228.33,19802.69,0.35,Approved
47168.06,4,671,27,373084.53,3.1,3416.63,11002.69,0.23,Approved
28943.18,28,686,31,437415.8,3.9,4401.07,68830.41,2.38,Denied
59897.46,26,810,20,95997.1,2.9,9506.5,54018.34,0.9,Denied
45552.32,15,818,22,364955.81,3.9,7095.05,27606.58,0.61,Denied
27916.73,1,849,18,71421.06,2.8,7245.6,20450.89,0.73,Denied
50422.13,3,835,64,218116.21,3.8,6139.48,35588.33,0.71,Denied
59322.68,3,626,47,391270.12,3.7,2080.38,51780.18,0.87,Denied
56557.61,5,651,23,6316.34,3.5,3508.75,72352.62,1.28,Denied
29425.56,28,721,40,298218.24,3.6,8390.37,37155.96,1.26,Denied
30754.82,14,833,37,492095.18,3.5,6436.17,25779.95,0.84,Denied
56088.4,10,673,70,13771.19,3.1,8256.51,68611.3,1.22,Denied
46086.16,25,847,36,49432.03,4.0,4955.48,65264.75,1.42,Denied
32740.48,5,784,45,148886.54,3.3,6814.49,47530.32,1.45,Denied
56640.83,21,822,36,669.68,3.7,8915.11,3982.82,0.07,Approved
31461.57,12,756,67,426537.18,3.5,5848.34,28268.86,0.9,Denied
52326.07,4,785,35,66940.82,3.4,-867.42,19228.12,0.37,Denied
45398.86,27,656,53,116523.95,2.9,9334.73,10804.03,0.24,Approved
55464.49,1,689,18,264864.88,3.4,1622.74,23236.28,0.42,Denied
54843.13,3,745,55,120657.65,2.7,8000.9,18868.63,0.34,Approved
53750.9,23,837,70,5172.69,3.6,8236.26,3999.02,0.07,Approved
59293.47,6,692,50,229105.84,3.3,3291.13,63889.74,1.08,Denied
33584.97,28,726,32,33021.73,2.5,2455.49,59598.06,1.77,Denied
54790.86,26,728,77,281863.04,3.6,8924.5,57727.24,1.05,Denied
55922.39,23,734,25,399135.7,3.6,-827.95,56683.23,1.01,Denied
40679.66,16,695,74,27955.38,2.6,7263.29,46087.29,1.13,Denied
36889.33,22,761,46,404086.59,3.5,1414.86,63573.15,1.72,Denied
50390.35,10,796,24,255280.72,3.7,-113.56,10194.45,0.2,Approved
47875.17,10,647,28,249704.91,3.1,-342.05,4548.97,0.1,Approved
50656.82,2,634,50,474455.6,2.9,7934.98,65327.15,1.29,Denied
48633.34,13,713,21,258730.83,2.6,-370.99,7739.91,0.16,Approved
49410.3,3,663,40,26970.5,3.7,2677.35,61572.78,1.25,Denied
36722.54,2,623,60,175180.39,3.6,6662.92,25497.16,0.69,Denied
58893.86,22,673,80,232830.84,3.6,2521.0,69588.08,1.18,Denied
26970.09,30,784,19,157542.82,3.1,6731.95,20164.03,0.75,Denied
27591.96,20,677,27,395260.02,3.1,4030.8,36646.33,1.33,Denied
28934.31,13,785,78,143705.29,3.8,6667.64,31412.98,1.09,Denied
32818.51,19,693,54,201713.54,3.2,1854.04,14039.06,0.43,Denied
46324.25,15,652,47,292747.39,2.8,1962.23,70587.33,1.52,Denied
30858.2,18,842,47,402034.65,3.8,8632.41,9280.74,0.3,Approved
37330.31,16,841,19,470236.17,3.7,1773.78,21336.34,0.57,Denied
53672.54,27,833,38,282379.85,2.8,-251.37,40162.15,0.75,Denied
39304.01,3,700,26,358001.67,3.6,5843.96,30043.74,0.76,Denied
54969.36,27,764,62,71535.0,3.5,8517.77,8739.94,0.16,Approved
59927.69,20,743,85,294862.8,3.1,3607.76,72163.89,1.2,Denied
28065.59,29,727,54,287249.19,3.1,8224.53,16851.76,0.6,Denied
40215.38,29,644,80,248285.71,4.0,882.74,29020.39,0.72,Denied
34713.65,8,818,50,222769.5,2.8,628.45,18783.97,0.54,Denied
50010.75,18,826,72,219488.85,3.1,5201.18,4475.94,0.09,Approved
54268.79,10,780,19,317021.94,3.6,2107.06,33770.14,0.62,Denied
33678.33,10,736,47,135243.79,3.5,1951.54,60306.74,1.79,Denied
50334.56,10,636,74,367831.2,3.1,8886.68,23937.26,0.48,Denied
42848.53,7,626,82,35058.23,2.6,763.74,40815.56,0.95,Denied
49017.81,9,757,78,101279.66,3.5,1001.69,23357.65,0.48,Denied
29477.54,26,806,23,154159.91,3.6,2651.79,51544.76,1.75,Denied
44569.84,27,674,68,475692.68,3.9,3450.6,66720.21,1.5,Denied
36403.71,9,834,52,211558.62,3.1,8292.7,39679.76,1.09,Denied
33380.31,13,721,45,88403.98,3.8,3774.56,31031.99,0.93,Denied
55000.34,4,679,74,334781.36,3.8,4952.66,51784.66,0.94,Denied
37510.69,5,741,54,157050.76,2.7,290.66,54043.1,1.44,Denied
34173.64,11,786,18,183779.46,3.0,6295.36,27385.55,0.8,Denied
49884.63,28,694,33,327296.16,2.6,5993.46,60794.05,1.22,Denied
46333.59,9,667,78,258453.37,2.8,3573.43,51290.98,1.11,Denied
47643.83,17,837,44,282097.52,2.9,3319.06,10653.75,0.22,Approved
50057.74,25,793,34,112839.78,2.6,6097.23,60818.14,1.21,Denied
46846.01,12,749,65,139914.62,3.1,7487.47,38112.95,0.81,Denied
49647.33,28,653,45,498000.04,4.0,7366.19,28018.04,0.56,Denied
32160.14,29,656,31,14577.92,3.6,-148.79,73291.14,2.28,Denied
39361.43,2,810,36,489250.09,3.1,7617.25,27438.14,0.7,Denied
51576.22,17,829,77,374326.21,3.1,-983.27,2193.96,0.04,Approved
30331.53,23,626,40,20633.85,2.5,315.07,61803.31,2.04,Denied
36179.87,2,780,42,294485.62,3.1,7701.66,56638.35,1.57,Denied
59309.29,14,806,26,455639.87,3.5,5157.57,17525.92,0.3,Approved
58020.85,9,800,57,446825.23,3.1,1683.83,32885.46,0.57,Denied
34505.04,19,652,33,373650.02,3.6,8881.92,55509.35,1.61,Denied
37340.41,16,659,82,11882.71,3.8,253.25,58127.73,1.56,Denied
56260.81,10,793,74,61572.94,3.8,4767.61,37603.22,0.67,Denied
28446.32,27,693,67,411355.54,3.4,7530.34,39418.58,1.39,Denied
52060.26,10,656,48,177873.46,2.7,4140.73,33948.47,0.65,Denied
56184.55,30,842,84,448947.96,2.7,-843.23,39710.9,0.71,Denied
28600.78,5,800,25,10010.97,3.3,2101.28,70899.28,2.48,Denied
27764.41,1,622,81,58346.91,3.7,3329.15,60891.58,2.19,Denied
28658.66,29,817,66,436751.16,3.4,5534.84,10015.86,0.35,Approved
33164.28,12,842,28,188981.71,4.0,9055.26,29320.46,0.88,Denied
39737.61,4,657,28,263845.61,3.5,9592.71,4264.2,0.11,Approved
38095.43,25,710,68,234140.5,3.2,9714.97,63646.98,1.67,Denied
34390.77,3,840,52,223013.83,2.6,7891.03,58229.2,1.69,Denied
54202.42,17,679,55,196610.78,3.0,4100.16,4863.22,0.09,Approved
37849.12,15,790,44,302843.38,3.0,3655.46,37884.02,1.0,Denied
54979.95,29,711,71,445976.33,3.8,6651.19,73041.69,1.33,Denied
40694.55,23,832,42,264248.66,2.6,8321.58,53630.03,1.32,Denied
39183.58,13,792,82,340469.39,3.3,8551.04,38595.87,0.99,Denied
42883.79,12,715,33,437616.98,3.4,203.24,74564.08,1.74,Denied
35879.35,25,628,29,336007.19,3.7,7857.87,14810.82,0.41,Denied
33313.88,24,693,57,221642.55,3.8,8704.17,54965.34,1.65,Denied
48338.45,4,786,78,267032.95,2.6,904.17,68366.07,1.41,Denied
41957.91,6,781,49,102518.57,2.6,9360.29,34561.69,0.82,Denied
35129.57,19,823,33,23761.75,2.6,7932.46,7154.75,0.2,Approved
46814.33,16,819,52,278010.1,3.8,4554.96,56944.48,1.22,Denied
47208.28,12,621,23,407400.4,2.7,-25.05,27783.06,0.59,Denied
47722.6,7,650,85,373721.76,3.8,4849.8,21129.55,0.44,Denied
35826.0,1,689,29,456609.02,3.9,2138.64,1088.68,0.03,Approved
34850.47,15,702,23,22727.23,2.5,1011.99,66580.74,1.91,Denied
52712.35,3,639,47,374368.77,3.8,7773.57,70028.71,1.33,Denied
30746.5,1,680,80,202328.57,3.8,7571.08,8062.83,0.26,Approved
41104.95,7,654,30,285642.35,3.3,194.95,71713.59,1.74,Denied
36736.23,29,679,40,398959.02,4.0,6494.8,71516.92,1.95,Denied
29125.63,15,718,30,379521.61,3.2,1737.33,21122.38,0.73,Denied
37279.57,25,632,27,133927.3,2.7,1302.01,68885.25,1.85,Denied
51724.56,10,745,30,305382.8,3.1,3824.03,58406.66,1.13,Denied
43533.39,28,823,63,174501.89,3.1,-619.26,60868.21,1.4,Denied
35190.71,23,813,83,59815.27,3.8,9477.21,48631.41,1.38,Denied
46883.17,19,756,81,278720.87,3.4,4011.99,53398.1,1.14,Denied
29265.22,19,687,53,381775.43,3.4,6746.58,30977.27,1.06,Denied
37626.14,13,749,32,486420.86,3.9,9034.09,600.08,0.02,Approved
51600.03,12,656,51,121453.14,2.6,1330.9,6061.76,0.12,Approved
52170.59,12,659,76,383925.84,3.5,1869.9,25146.6,0.48,Denied
57308.26,22,830,41,77047.65,3.7,3710.74,14120.34,0.25,Approved
36779.34,10,624,20,226813.34,3.4,2239.83,65761.09,1.79,Denied
37334.38,11,821,53,399336.5,3.5,-988.35,7817.5,0.21,Approved
34309.18,21,653,85,415969.05,3.7,2842.66,49727.28,1.45,Denied
29982.26,18,751,76,23742.79,3.4,3202.67,55023.07,1.84,Denied
53071.96,10,655,46,230401.3,3.2,4310.74,6728.04,0.13,Approved
31338.95,10,676,36,173969.0,4.0,-166.75,31166.03,0.99,Denied
54314.56,2,626,78,276238.46,2.6,5580.41,32007.21,0.59,Denied
54274.62,18,623,53,312590.02,3.3,6422.01,16932.16,0.31,Approved
52324.77,6,648,50,406288.0,2.7,7730.2,55227.42,1.06,Denied
46673.6,23,824,79,355768.74,3.9,4199.74,45937.09,0.98,Denied
42501.99,6,844,58,182644.08,3.8,6630.89,66033.91,1.55,Denied
56328.99,5,641,19,388645.45,3.7,-221.83,3670.58,0.07,Approved
45739.11,18,741,69,192682.76,3.6,-894.34,19089.82,0.42,Denied
54522.13,30,795,50,189340.24,3.0,6014.96,34037.85,0.62,Denied
37691.64,4,669,29,51037.87,3.4,3203.3,21426.15,0.57,Denied
29630.48,10,646,37,390109.67,3.3,7151.39,11706.0,0.4,Denied
51854.57,22,741,32,125673.3,3.1,9983.58,53171.39,1.03,Denied
36259.84,23,622,54,38319.55,3.4,6996.49,21680.41,0.6,Denied
41866.19,19,821,22,144297.58,3.5,7221.82,62414.32,1.49,Denied
59172.89,16,765,80,265489.0,3.8,6598.73,54613.02,0.92,Denied
42136.07,18,714,49,329257.36,3.7,5199.98,70867.73,1.68,Denied
59164.36,3,821,69,26254.51,2.7,6057.1,67491.9,1.14,Denied
42019.26,23,848,18,353407.37,3.9,5847.96,50116.43,1.19,Denied
50793.92,23,756,18,114452.27,3.1,4615.02,6304.13,0.12,Approved
56904.22,28,670,33,443409.22,3.0,8145.48,26411.05,0.46,Denied
47363.88,28,741,39,143797.35,3.5,9769.59,11153.95,0.24,Approved
58603.16,17,691,42,78947.63,3.4,4496.55,7786.57,0.13,Approved
59141.59,14,651,39,25164.96,2.9,302.94,27531.91,0.47,Denied
59814.86,30,624,36,255656.47,3.6,6471.11,67571.02,1.13,Denied
54200.57,10,841,36,44134.02,2.8,11.63,42278.15,0.78,Denied
48527.4,20,630,44,284008.28,3.5,5242.5,12113.24,0.25,Approved
26972.63,29,705,70,409203.26,2.6,5517.18,27818.08,1.03,Denied
40239.91,7,650,79,437091.12,3.2,2216.07,55094.25,1.37,Denied
46677.86,2,698,53,67356.48,3.5,-860.18,50770.36,1.09,Denied
40592.94,6,709,30,65690.46,3.8,737.21,34925.37,0.86,Denied
58702.15,20,702,30,97039.36,2.9,1563.17,19735.0,0.34,Approved
56430.66,23,643,28,473783.58,2.7,-430.99,37851.29,0.67,Denied
54949.32,7,771,71,226665.63,2.6,4190.03,14952.34,0.27,Approved
54084.66,22,646,28,104968.45,3.8,1135.79,58324.31,1.08,Denied
45068.3,26,730,36,22179.41,2.5,745.45,42841.48,0.95,Denied
57532.68,6,772,38,290340.66,2.6,208.65,63858.82,1.11,Denied
36398.45,10,787,80,365065.15,3.4,7767.05,43519.29,1.2,Denied
49153.86,27,780,29,104400.57,3.3,6169.14,62241.2,1.27,Denied
53515.39,7,745,64,152451.7,3.7,1580.22,21756.29,0.41,Denied
28186.81,2,690,79,117870.65,3.6,3784.03,33937.53,1.2,Denied
30766.41,8,815,27,23068.84,2.6,8552.26,17607.71,0.57,Denied
42906.83,24,717,36,27667.65,4.0,6919.11,14665.72,0.34,Approved
51162.74,19,841,52,181724.04,2.8,6728.25,68945.49,1.35,Denied
35167.58,6,789,38,42690.7,3.1,4874.21,55010.25,1.56,Denied
38954.12,28,675,21,99161.09,3.2,6945.68,14199.22,0.36,Approved
35718.91,29,770,73,128784.39,3.7,2450.01,9230.42,0.26,Approved
50887.8,24,767,34,123185.01,2.8,6652.0,44330.41,0.87,Denied
32892.8,22,683,61,420366.43,3.4,2493.81,4231.69,0.13,Approved
47993.74,19,767,45,193574.53,3.6,3192.98,27251.12,0.57,Denied
50255.85,12,764,21,38570.11,2.5,3129.53,45208.14,0.9,Denied
53181.54,18,819,34,174629.89,3.9,2717.82,1944.73,0.04,Approved
29086.94,23,745,55,205772.6,3.5,9387.26,7045.02,0.24,Approved
48813.31,14,710,22,421756.49,3.9,-785.3,56686.67,1.16,Denied
49389.1,11,807,68,343728.45,2.6,7031.33,72028.28,1.46,Denied
47544.29,15,623,77,211750.13,3.1,8499.25,25995.7,0.55,Denied
54099.06,28,621,37,483745.83,3.1,4039.57,2972.21,0.05,Approved
45187.76,15,835,65,53179.91,3.1,7790.31,3873.05,0.09,Approved
39737.57,1,828,42,287693.41,2.6,5171.91,12155.57,0.31,Approved
37047.38,8,696,51,346879.28,2.5,2392.74,29066.63,0.78,Denied
29105.99,14,775,29,241253.09,3.5,1991.12,567.36,0.02,Approved
45973.19,17,696,43,442162.52,3.7,-420.29,21742.16,0.47,Denied
40732.84,27,731,70,387387.0,3.8,865.48,16774.01,0.41,Denied
34310.39,24,785,39,81586.95,3.0,3569.0,8432.16,0.25,Approved
27380.37,3,707,45,414259.32,3.1,6800.19,29371.14,1.07,Denied
42158.76,6,760,81,274861.41,3.7,3229.88,58264.45,1.38,Denied
32665.58,3,804,77,142972.53,3.7,8015.46,48651.64,1.49,Denied
36684.74,16,837,43,264356.11,3.4,9997.16,58889.42,1.61,Denied
27588.17,1,740,40,313646.36,3.8,9110.42,54831.56,1.99,Denied
44583.51,20,812,43,281285.01,3.1,8349.45,9370.42,0.21,Approved
29065.85,6,766,67,229272.41,3.8,4659.47,32712.27,1.13,Denied
38488.45,30,667,29,425360.08,3.4,7636.14,48322.49,1.26,Denied
54840.63,17,626,31,167871.92,3.9,119.46,50437.52,0.92,Denied
58060.22,15,730,71,446391.66,2.6,2487.19,70557.66,1.22,Denied
36871.28,22,686,41,92935.37,3.3,561.17,8560.46,0.23,Approved
46775.82,13,850,58,304385.67,3.4,-201.53,1938.09,0.04,Approved
36855.3,11,744,49,369824.43,3.7,84.41,17038.97,0.46,Denied
40054.98,28,785,22,19919.74,3.7,4354.87,22043.94,0.55,Denied
50996.11,12,696,29,227210.37,3.6,7982.46,56863.84,1.12,Denied
55982.41,15,714,50,115425.19,3.9,2034.04,54350.61,0.97,Denied
42266.44,16,668,35,142497.91,2.8,7080.21,36225.94,0.86,Denied
47456.34,23,719,73,294137.44,3.9,1934.29,12519.7,0.26,Approved
42572.13,25,754,60,235964.43,2.6,9618.67,1537.95,0.04,Approved
50934.34,20,818,80,359418.98,3.3,-995.2,72447.23,1.42,Denied
49960.15,26,742,45,459377.4,2.9,5089.01,25979.34,0.52,Denied
42022.68,9,710,53,400923.23,3.9,957.56,65215.68,1.55,Denied
43560.75,6,684,85,39351.14,2.9,2989.95,53392.54,1.23,Denied
46754.55,18,665,44,110695.54,3.0,3792.79,66289.44,1.42,Denied
53067.66,26,840,35,297297.85,3.9,6213.96,37173.47,0.7,Denied
30308.2,5,794,44,354974.03,4.0,7894.69,65693.26,2.17,Denied
56656.15,17,625,85,2033.26,3.6,7385.0,72378.44,1.28,Denied
56741.01,30,652,68,335237.1,2.6,3792.38,42439.36,0.75,Denied
55612.09,3,638,76,354252.14,3.5,-181.2,49264.63,0.89,Denied
49015.22,8,653,23,328904.29,3.9,-230.21,60647.22,1.24,Denied
38695.11,26,655,77,311238.97,2.5,758.72,72197.0,1.87,Denied
50282.94,4,804,73,395624.47,3.4,8337.49,50483.28,1.0,Denied
49374.65,29,749,19,451622.79,3.5,3224.82,48330.54,0.98,Denied
35021.68,30,777,19,53569.2,3.2,7062.75,57099.09,1.63,Denied
55352.81,9,779,65,296733.14,2.6,6220.14,47600.34,0.86,Denied
29737.61,24,771,52,131261.97,3.7,3692.16,47187.59,1.59,Denied
57480.25,30,832,77,183350.75,3.1,654.06,8576.36,0.15,Approved
52273.53,10,801,62,469428.13,3.6,3943.57,32114.48,0.61,Denied
48977.33,1,758,76,155785.01,3.7,7726.81,36998.4,0.76,Denied
42326.15,18,765,26,297393.76,3.0,4910.98,30057.37,0.71,Denied
56808.28,19,789,27,371281.62,3.5,5687.34,81.51,0.0,Approved
42394.88,4,670,42,135356.57,3.2,4714.23,38905.53,0.92,Denied
28733.07,26,632,48,251013.4,3.9,622.29,48491.54,1.69,Denied
59567.26,28,652,64,65062.94,3.5,2763.46,7627.31,0.13,Approved
33453.76,25,675,44,242316.42,3.4,5737.08,4830.26,0.14,Approved
54261.76,5,720,62,264043.61,3.3,1577.4,53985.09,0.99,Denied
44339.81,9,726,65,82241.5,3.0,6631.22,54921.55,1.24,Denied
49105.23,29,657,25,443716.03,2.6,8345.04,14135.39,0.29,Approved
52321.68,22,622,62,302832.33,3.6,2615.42,17019.08,0.33,Approved
51551.17,6,760,64,257700.3,3.7,1846.34,1831.13,0.04,Approved
29241.59,7,749,57,368660.65,2.6,4598.68,63200.49,2.16,Denied
43000.96,6,756,28,479151.34,2.8,3704.28,31111.94,0.72,Denied
27488.21,6,673,55,142892.14,3.1,5956.36,12858.08,0.47,Denied
29318.07,16,760,50,107525.84,3.3,4177.31,6484.58,0.22,Approved
30526.49,9,697,57,393434.06,2.8,1253.33,22464.87,0.74,Denied
45879.22,16,749,40,350583.35,3.1,7509.7,2197.83,0.05,Approved
41444.37,16,761,44,196511.13,2.6,6013.37,39620.69,0.96,Denied
47383.13,25,827,42,381433.55,2.9,-794.87,64447.4,1.36,Denied
32507.47,26,705,52,262956.5,2.5,3647.69,2854.89,0.09,Approved
41860.49,22,703,37,375214.88,3.7,8968.82,27395.73,0.65,Denied
38407.86,17,756,36,390997.04,3.9,4639.45,50358.7,1.31,Denied
37033.78,11,719,51,454835.4,3.4,7648.52,16891.1,0.46,Denied
56359.2,15,827,79,137219.15,3.0,6298.67,42108.49,0.75,Denied
29155.15,6,644,79,39940.33,3.6,6948.27,64037.06,2.2,Denied
35687.41,4,685,42,225127.23,3.2,923.83,56500.48,1.58,Denied
57783.79,15,703,24,53973.45,2.5,8267.3,6796.2,0.12,Approved
35990.62,17,700,45,446135.17,3.5,5149.27,52130.56,1.45,Denied
50204.14,27,697,22,296115.72,3.2,801.79,31308.69,0.62,Denied
48600.19,13,736,70,29937.98,3.7,-426.55,43830.18,0.9,Denied
39089.83,13,753,44,173601.42,3.5,8675.01,46211.96,1.18,Denied
52313.66,4,702,59,96604.82,3.3,3883.64,36906.53,0.71,Denied
42206.56,22,843,81,212216.13,3.2,6451.14,34957.43,0.83,Denied
47100.59,25,810,39,181848.67,2.9,7942.5,40875.46,0.87,Denied
44030.34,16,767,56,61413.56,3.4,1560.64,63950.46,1.45,Denied
50051.45,7,816,66,199325.33,2.9,5005.47,62714.05,1.25,Denied
36035.39,12,703,74,423670.97,3.8,3141.2,53770.45,1.49,Denied
44680.12,7,790,62,370267.9,3.4,3530.56,19732.34,0.44,Denied
51346.89,19,763,62,193938.24,2.7,2259.05,37214.53,0.72,Denied
32809.78,3,803,72,347117.82,3.3,-237.86,42404.3,1.29,Denied
26579.13,8,831,28,51109.83,2.7,2120.65,31846.16,1.2,Denied
36548.36,7,805,48,244692.55,2.7,7485.35,21106.93,0.58,Denied
46696.9,5,718,73,225351.63,3.2,-72.14,13521.81,0.29,Approved
54027.1,20,839,42,434626.03,3.2,6779.01,50597.03,0.94,Denied
36105.39,18,784,65,330439.03,3.7,54.06,8511.57,0.24,Approved
41316.19,18,664,81,495090.86,3.6,3435.22,14207.29,0.34,Approved
52874.59,16,849,28,6762.34,3.2,3276.54,72766.59,1.38,Denied
45721.04,15,762,56,369986.78,2.7,9029.49,33420.17,0.73,Denied
51944.77,27,623,43,356187.41,2.5,564.95,44789.79,0.86,Denied
26734.58,9,843,77,136423.35,3.9,2604.21,60717.77,2.27,Denied
44713.29,4,778,53,461612.93,2.8,9223.93,71224.41,1.59,Denied
39640.09,3,683,74,389017.99,3.0,1505.86,6376.77,0.16,Approved
49249.01,8,646,61,484412.4,3.6,2571.74,64431.17,1.31,Denied
41523.92,16,667,60,318538.69,3.5,9392.93,14383.12,0.35,Approved
55197.38,20,831,22,31163.34,3.0,-826.52,74961.51,1.36,Denied
52456.14,6,769,35,152479.35,2.7,6970.91,26041.72,0.5,Denied
42910.46,24,680,48,379368.13,3.3,2579.4,37642.05,0.88,Denied
38676.27,3,845,27,202050.33,3.4,694.64,42919.14,1.11,Denied
53517.33,13,636,52,317717.56,3.0,8830.56,29234.37,0.55,Denied
58112.04,29,799,44,314685.04,3.1,7057.42,58473.84,1.01,Denied
57050.18,16,847,79,6253.63,3.9,2966.15,40260.03,0.71,Denied
56005.86,27,656,23,283138.63,2.6,1411.12,60448.01,1.08,Denied
51865.01,21,623,30,300671.42,3.4,657.4,21253.45,0.41,Denied
51954.46,21,844,73,393856.62,2.6,6010.46,16117.19,0.31,Approved
33384.51,14,672,78,461926.03,3.6,-965.61,54487.32,1.63,Denied
31984.82,16,678,20,460652.61,3.3,4902.36,51731.58,1.62,Denied
35546.02,22,839,63,491384.64,2.7,3587.4,6247.2,0.18,Approved
37138.31,14,787,70,471049.84,3.8,298.35,34126.96,0.92,Denied
31510.71,14,748,24,267035.18,2.5,7761.01,15146.32,0.48,Denied
52158.78,9,717,74,158668.63,2.5,-886.96,47866.88,0.92,Denied
48579.7,13,767,34,22384.56,3.6,2364.08,32989.55,0.68,Denied
41627.75,20,785,76,466214.22,2.8,3455.31,4359.22,0.1,Approved
41990.96,5,849,19,271663.96,3.6,8804.44,26967.7,0.64,Denied
58746.41,22,634,79,73430.9,3.4,3500.19,21063.79,0.36,Approved
43814.64,15,668,67,19764.45,2.8,5213.85,29321.08,0.67,Denied
31349.88,22,799,64,101725.68,3.3,9887.51,35255.95,1.12,Denied
51743.56,15,773,49,85687.6,3.2,1936.48,68691.46,1.33,Denied
52513.27,23,844,35,217624.14,3.3,4684.08,25910.01,0.49,Denied
32350.7,21,746,29,220317.44,3.6,9629.29,5760.46,0.18,Approved
27144.11,13,830,60,41593.24,3.9,-168.89,22376.57,0.82,Denied
36221.47,13,673,35,82146.05,2.5,-410.46,72571.04,2.0,Denied
27785.36,21,848,55,457327.98,3.2,9797.9,57337.91,2.06,Denied
30620.95,21,733,83,167369.64,3.3,7106.04,53407.99,1.74,Denied
37588.99,17,646,47,169073.97,3.3,357.46,13048.6,0.35,Approved
51684.35,29,689,22,133479.95,2.5,2637.37,4045.47,0.08,Approved
38043.28,28,672,67,113687.06,3.3,7871.55,48645.92,1.28,Denied
57813.56,18,623,27,96932.93,4.0,3938.89,43281.84,0.75,Denied
41652.89,21,808,47,251188.32,3.0,8677.02,59998.04,1.44,Denied
46297.6,4,837,59,163573.27,3.2,5254.72,42932.79,0.93,Denied
49754.61,15,648,28,240108.32,3.5,1089.35,6519.2,0.13,Approved
43157.44,23,660,57,24955.05,3.9,2374.37,67480.06,1.56,Denied
51306.24,9,665,24,23837.73,3.5,2196.48,28519.67,0.56,Denied
59380.6,28,647,35,299952.53,2.8,5996.95,64093.21,1.08,Denied
46817.37,13,753,82,132031.83,3.5,625.25,71107.4,1.52,Denied
50913.25,14,651,54,478640.22,2.7,5401.55,74676.01,1.47,Denied
40559.92,17,663,79,411669.01,3.5,8287.17,48071.5,1.19,Denied
59121.17,6,652,48,472120.85,3.5,1814.57,21343.53,0.36,Approved
31655.2,18,746,81,221478.73,3.2,3367.5,24636.21,0.78,Denied
29773.32,19,849,39,3459.49,3.7,7843.53,61567.93,2.07,Denied
46153.03,30,802,82,72444.19,3.4,9773.87,18208.72,0.39,Denied
51426.37,22,785,78,336772.04,2.8,2953.59,71057.44,1.38,Denied
57644.06,10,664,34,56811.16,3.2,29.87,18473.7,0.32,Approved
49947.56,29,733,73,161639.1,3.0,9947.42,41310.82,0.83,Denied
58597.57,22,698,45,405570.85,3.0,7909.7,17106.2,0.29,Approved
51553.8,8,654,37,271560.2,3.3,6396.74,19885.89,0.39,Denied
27928.13,18,787,64,163629.12,3.8,-904.69,28745.19,1.03,Denied
31786.83,28,758,55,128359.47,2.7,3620.38,3042.31,0.1,Approved
33536.76,10,698,80,372802.41,3.0,1054.22,65083.89,1.94,Denied
40401.98,7,729,69,421300.62,3.3,4053.62,45980.65,1.14,Denied
50833.31,22,673,19,369970.15,2.6,6627.66,11031.25,0.22,Approved
51536.3,13,833,27,41369.63,2.5,7166.06,73378.49,1.42,Denied
43021.63,7,732,37,475848.19,3.6,8157.19,13323.6,0.31,Approved
28886.8,3,660,68,253641.42,3.2,-329.4,21935.6,0.76,Denied
42579.32,24,840,39,288157.37,3.8,8274.5,3289.16,0.08,Approved
54977.92,2,809,27,349100.88,3.2,6028.09,5636.52,0.1,Approved
31009.93,10,760,65,233739.1,2.9,4280.22,18033.19,0.58,Denied
38435.44,13,665,36,425624.73,3.6,-211.04,38668.66,1.01,Denied
46866.39,21,640,54,170640.62,3.6,5624.74,39795.32,0.85,Denied
35773.08,14,672,20,464819.83,3.5,1065.63,24028.42,0.67,Denied
35612.39,30,745,41,372600.39,3.2,5286.1,38058.84,1.07,Denied
46989.39,7,794,85,450445.99,3.7,9006.37,46504.09,0.99,Denied
42195.75,6,646,25,390442.78,3.8,-559.11,20968.13,0.5,Denied
35551.44,6,632,73,95391.09,3.6,8998.5,21767.36,0.61,Denied
38896.23,28,682,31,91669.79,2.5,9937.54,6010.6,0.15,Approved
46988.91,28,818,41,430726.19,2.8,4604.93,63084.14,1.34,Denied
28742.74,9,837,54,435140.37,2.8,6319.7,55023.33,1.91,Denied
46652.44,6,741,66,388024.19,2.8,9131.96,33324.72,0.71,Denied
52764.06,21,674,38,393591.63,2.6,7502.67,5925.75,0.11,Approved
29236.25,1,734,56,330567.48,3.2,8372.91,65756.97,2.25,Denied
38782.92,16,818,22,495753.51,2.6,5416.26,21208.74,0.55,Denied
44063.32,1,722,71,146534.06,3.9,8930.97,49428.9,1.12,Denied
33643.16,5,655,85,206840.84,3.9,9971.79,34095.53,1.01,Denied
54814.77,27,742,58,48068.13,2.6,3238.94,20626.25,0.38,Denied
37793.49,1,804,47,181281.58,3.1,-108.76,61694.18,1.63,Denied
42686.49,11,793,77,154188.6,3.6,5692.16,70141.98,1.64,Denied
51916.48,13,679,72,152925.22,3.5,3642.85,24433.1,0.47,Denied
51279.73,5,710,20,354814.46,2.8,3927.53,62083.5,1.21,Denied
40480.52,16,720,67,335732.83,3.3,7975.48,4462.86,0.11,Approved
49142.02,13,843,72,284609.56,3.1,8583.7,16196.16,0.33,Approved
37099.72,8,723,47,472720.74,3.8,-782.19,28685.18,0.77,Denied
35367.66,2,651,58,233517.22,3.3,2312.7,45688.04,1.29,Denied
30497.38,29,847,83,124078.18,2.7,1072.77,32320.25,1.06,Denied
26763.15,1,644,39,161543.53,3.5,9947.94,34043.67,1.27,Denied
32117.84,9,790,31,283548.35,3.0,1735.51,67985.42,2.12,Denied
40882.02,7,640,44,220476.8,2.7,5168.08,6906.64,0.17,Approved
50493.14,9,789,82,431695.59,3.3,6191.13,30808.36,0.61,Denied
36013.83,15,622,39,32060.23,3.9,6735.28,18121.69,0.5,Denied
48558.57,15,723,51,363243.68,3.8,272.69,26843.68,0.55,Denied
56882.73,4,812,84,430822.2,3.9,815.15,6267.81,0.11,Approved
46486.68,12,769,18,272111.95,2.9,9719.56,69089.94,1.49,Denied
54230.45,25,747,19,405999.31,3.6,9608.22,47715.47,0.88,Denied
52166.17,21,728,51,272624.21,2.7,1439.58,12577.08,0.24,Approved
33396.19,28,832,30,457325.9,3.0,1162.71,68272.85,2.04,Denied
54525.04,29,783,18,320401.22,2.8,6835.79,61727.8,1.13,Denied
44518.32,26,784,35,390476.46,3.8,9599.15,65910.45,1.48,Denied
44434.99,25,774,83,167617.01,3.3,400.75,31858.36,0.72,Denied
34097.51,9,781,19,433298.76,3.0,320.75,64332.67,1.89,Denied
57174.59,26,631,24,413400.08,2.7,2496.67,30200.97,0.53,Denied
54063.47,13,798,44,212669.79,3.9,5287.21,56545.5,1.05,Denied
34268.52,18,747,47,453679.89,2.8,6298.82,4017.33,0.12,Approved
28717.59,29,695,23,196353.42,3.4,565.76,46139.44,1.61,Denied
27607.6,11,691,33,67843.14,2.6,9107.75,8633.66,0.31,Approved
33826.53,5,677,24,369146.5,3.0,9196.71,37352.92,1.1,Denied
34354.67,9,806,73,236109.63,2.7,7147.9,71835.52,2.09,Denied
30861.47,15,697,39,291146.01,2.7,8983.11,52288.49,1.69,Denied
27786.51,22,722,70,230425.97,3.9,4924.63,67290.31,2.42,Denied
41170.84,28,727,29,344338.68,3.4,-499.22,25785.02,0.63,Denied
42136.73,22,659,55,370138.68,3.0,7484.97,72925.42,1.73,Denied
52600.62,15,709,82,226773.07,3.4,6674.52,14233.16,0.27,Approved
55010.14,13,664,68,164844.79,3.2,948.23,50046.54,0.91,Denied
27202.31,19,691,27,191392.19,3.4,-807.86,2333.62,0.09,Approved
37891.53,17,820,55,85706.3,3.4,6678.78,48556.28,1.28,Denied
51967.32,25,701,49,132569.67,3.1,9700.31,60046.24,1.16,Denied
49843.95,23,837,80,49970.42,2.9,7795.73,41486.53,0.83,Denied
53815.82,2,745,73,186850.64,3.8,9612.29,14547.15,0.27,Approved
31875.52,21,719,80,198621.46,3.5,9500.98,49361.62,1.55,Denied
51321.54,9,633,33,455599.03,3.6,1512.76,53630.53,1.04,Denied
33556.44,5,772,66,11326.37,3.6,8245.46,42118.65,1.26,Denied
42003.07,13,850,82,180113.22,4.0,6388.03,57670.05,1.37,Denied
51409.5,17,705,82,364793.28,2.9,4800.8,58945.92,1.15,Denied
58410.81,21,661,23,95040.29,2.8,9433.81,41105.79,0.7,Denied
56046.09,20,822,53,13603.93,2.9,9214.92,31112.12,0.56,Denied
49655.53,7,784,63,229158.41,3.4,1343.72,47368.15,0.95,Denied
57063.86,26,780,36,395251.85,3.2,3721.39,47856.35,0.84,Denied
28801.96,16,699,63,328671.32,2.7,4726.85,9501.77,0.33,Approved
35060.1,4,654,65,449198.27,3.8,764.98,36758.92,1.05,Denied
37105.23,10,665,24,476918.44,3.1,4093.24,32782.57,0.88,Denied
43339.64,23,757,31,452187.11,3.2,3003.14,7228.99,0.17,Approved
38225.12,18,708,73,315522.35,3.4,2922.8,6080.89,0.16,Approved
37033.49,19,807,20,79949.0,3.3,1124.11,1375.35,0.04,Approved
50441.86,29,647,75,259663.26,3.7,5409.5,10735.89,0.21,Approved
40962.08,16,701,82,168222.49,3.3,4351.87,52135.73,1.27,Denied
59618.79,28,704,50,188921.29,2.7,-621.14,33505.16,0.56,Denied
35950.46,24,816,20,323812.24,3.0,2007.57,74507.48,2.07,Denied
40718.37,12,708,63,50926.9,3.7,1463.55,57244.86,1.41,Denied
30614.32,10,808,49,460688.19,3.1,2726.77,3330.44,0.11,Approved
43190.98,1,839,25,206150.95,3.9,7178.34,24859.55,0.58,Denied
45277.85,7,685,41,36734.12,2.8,9327.36,66708.57,1.47,Denied
53962.81,15,742,51,103737.9,3.9,720.23,61651.26,1.14,Denied
49510.76,19,636,25,390432.85,3.6,2412.58,32500.12,0.66,Denied
45133.99,9,771,49,496522.09,3.1,672.74,64794.42,1.44,Denied
27186.76,5,800,40,98388.58,3.5,3273.75,4810.19,0.18,Approved
26558.07,1,622,71,342423.3,3.0,5088.32,15326.2,0.58,Denied
59358.66,25,680,45,171279.01,3.3,9216.2,41729.13,0.7,Denied
36777.19,18,689,45,259544.65,3.2,6141.96,24875.77,0.68,Denied
45562.87,22,823,31,115921.1,3.9,8126.09,45067.6,0.99,Denied
54098.63,16,665,76,277760.0,3.3,8291.79,68513.08,1.27,Denied
44478.14,26,622,19,498803.94,2.6,1931.28,23330.89,0.52,Denied
48806.6,20,635,77,222780.07,3.3,1011.61,74849.8,1.53,Denied
28982.25,28,841,81,141035.07,3.9,373.02,61411.38,2.12,Denied
40908.87,29,843,18,460719.6,3.3,8986.0,52285.08,1.28,Denied
53770.13,4,726,40,58671.62,2.6,2000.93,2691.23,0.05,Approved
47612.27,8,793,66,436425.64,2.6,-51.77,41493.31,0.87,Denied
27019.18,10,760,80,10842.97,3.6,3261.2,1123.28,0.04,Approved
27947.4,30,622,80,206688.44,3.9,4827.58,51347.89,1.84,Denied
49673.88,1,785,49,24955.64,3.9,3608.26,54348.51,1.09,Denied
30146.66,21,731,34,38084.46,3.2,6191.03,45773.12,1.52,Denied
47942.55,6,672,25,271167.63,3.3,7913.66,65891.29,1.37,Denied
38858.74,24,653,43,381084.58,4.0,7877.41,58490.84,1.51,Denied
35667.56,21,705,42,487379.59,3.9,1753.37,68666.21,1.93,Denied
31068.7,15,713,54,343110.52,4.0,8940.56,40338.21,1.3,Denied
43894.38,1,763,61,268540.75,3.4,7114.25,66036.96,1.5,Denied
28241.41,22,693,60,455407.07,3.7,3896.19,70312.25,2.49,Denied
56021.76,17,808,84,457859.38,2.6,1503.72,56209.93,1.0,Denied
26778.61,9,762,84,92717.2,2.9,3339.33,36006.13,1.34,Denied
53754.2,19,631,21,432835.2,3.2,8097.51,40388.85,0.75,Denied
37656.33,23,721,85,120680.28,3.2,5220.15,38856.75,1.03,Denied
44073.13,15,668,21,268944.71,3.6,230.39,35715.44,0.81,Denied
27128.82,28,623,36,17105.63,2.8,9242.05,65744.98,2.42,Denied
52727.3,16,836,29,256759.72,3.7,890.09,12920.98,0.25,Approved
40761.97,27,792,80,454462.36,3.5,6730.07,13985.49,0.34,Approved
46771.17,23,685,43,61985.58,3.6,7584.91,9871.98,0.21,Approved
50593.16,13,669,25,390007.17,3.2,9325.01,34016.15,0.67,Denied
46364.9,4,753,70,215305.29,3.4,7942.31,47032.61,1.01,Denied
43272.48,29,777,22,333188.12,3.0,-512.22,60042.63,1.39,Denied
59657.63,5,741,71,413605.04,3.3,7978.06,34013.73,0.57,Denied
58961.32,27,674,38,290775.61,2.7,5608.69,34171.02,0.58,Denied
34557.07,9,812,21,294714.65,3.6,8030.18,6499.87,0.19,Approved
40088.96,12,743,66,344016.31,3.8,3031.57,30811.94,0.77,Denied
54254.45,30,640,76,397511.95,2.8,4149.16,64091.75,1.18,Denied
46385.46,25,717,38,140863.79,3.8,6980.27,751.97,0.02,Approved
43099.0,2,815,29,471109.79,3.1,4727.59,36566.11,0.85,Denied
34686.16,14,789,21,276854.98,3.7,7416.61,5417.09,0.16,Approved
58380.82,14,730,63,17355.39,2.6,8437.84,63675.18,1.09,Denied
30269.17,4,780,85,294148.65,3.3,1846.6,15263.57,0.5,Denied
42482.66,19,632,25,157335.15,3.8,6460.77,63675.21,1.5,Denied
40275.15,12,744,36,296372.54,3.0,3014.83,47093.59,1.17,Denied
35110.51,15,650,40,345371.43,3.7,5136.94,74628.73,2.13,Denied
38534.56,5,807,84,265836.25,3.3,9520.64,74469.73,1.93,Denied
31774.11,11,816,49,340392.13,3.4,4546.77,55553.37,1.75,Denied
38496.46,5,815,38,214679.38,2.8,-562.06,2177.17,0.06,Approved
46444.22,16,810,66,266307.05,3.1,6186.22,64567.24,1.39,Denied
27480.22,19,689,84,369448.02,3.7,-12.21,64765.0,2.36,Denied
46986.49,6,642,40,333052.0,2.9,938.38,33690.25,0.72,Denied
27580.59,18,669,45,383333.41,3.6,536.35,73688.53,2.67,Denied
52582.15,30,696,56,261196.1,3.2,6640.13,46248.63,0.88,Denied
38509.75,28,643,77,361624.13,2.5,1920.21,13410.15,0.35,Approved
46229.85,29,789,23,137705.99,3.5,-970.99,19496.05,0.42,Denied
38876.67,30,749,84,60587.79,2.7,7193.77,13757.59,0.35,Approved
40671.03,1,676,27,317208.6,2.7,4846.09,69698.38,1.71,Denied
38489.48,22,833,53,53229.41,3.3,3369.08,50489.99,1.31,Denied
35885.68,22,744,61,206768.85,3.0,2206.48,25104.75,0.7,Denied
38502.95,13,703,78,360043.17,2.5,7807.63,34500.75,0.9,Denied
41901.65,8,716,37,402226.55,3.5,8604.0,24419.12,0.58,Denied
40064.27,9,676,36,249756.69,3.5,1205.88,34908.83,0.87,Denied
56970.94,1,831,31,90.67,3.7,1774.72,70180.19,1.23,Denied
47551.92,30,735,40,451981.02,2.6,9466.24,58177.55,1.22,Denied
30292.43,26,743,83,381145.53,2.5,6495.06,34374.6,1.13,Denied
56288.86,12,759,47,401309.84,3.1,4380.01,23233.15,0.41,Denied
57790.33,3,774,79,246239.69,3.0,3284.46,50474.46,0.87,Denied
44645.56,10,676,51,409528.1,3.3,-802.92,2645.05,0.06,Approved
32468.84,15,686,65,10468.61,3.3,4634.53,68139.19,2.1,Denied
31376.88,17,803,18,191819.18,3.1,4367.77,71563.34,2.28,Denied
41237.2,19,647,49,482638.37,3.2,7412.02,43854.57,1.06,Denied
47930.96,2,763,69,310297.19,3.5,1519.69,56671.56,1.18,Denied
36415.2,5,662,23,126703.34,3.7,3830.6,30248.36,0.83,Denied
37283.45,19,770,33,83694.22,4.0,9231.94,24548.45,0.66,Denied
54380.56,14,767,72,253523.23,3.8,-141.39,41844.42,0.77,Denied
30998.63,23,744,75,3027.86,3.6,1486.19,49112.79,1.58,Denied
44025.02,2,684,67,375168.26,3.9,6041.6,7042.98,0.16,Approved
46479.79,18,700,22,493921.77,3.9,745.46,50534.28,1.09,Denied
32737.67,19,634,20,276926.55,3.7,9048.07,17653.95,0.54,Denied
37150.23,3,713,76,274525.96,2.9,3041.4,34132.63,0.92,Denied
49470.58,15,804,56,37224.06,3.5,1626.75,55214.26,1.12,Denied
29305.33,28,696,55,57449.84,3.2,9993.92,37988.56,1.3,Denied
43883.18,2,665,28,159844.03,3.0,2983.47,32991.2,0.75,Denied
58282.9,11,769,31,250306.43,3.8,2596.39,3414.34,0.06,Approved
59985.51,16,761,38,498098.67,2.7,3110.63,16481.34,0.27,Approved
33551.48,8,757,82,240174.31,4.0,9750.32,59131.33,1.76,Denied
51903.54,9,699,18,411661.88,2.8,-816.3,72517.74,1.4,Denied
53158.22,8,694,38,385720.63,2.5,9131.88,17973.55,0.34,Approved
56318.08,14,652,81,166057.75,2.8,-568.45,57812.09,1.03,Denied
58299.53,7,713,33,100185.71,3.1,8159.85,42983.87,0.74,Denied
55880.32,17,802,68,331104.49,3.0,5532.12,71187.72,1.27,Denied
47952.52,11,723,37,435289.8,2.7,294.55,20924.96,0.44,Denied
57843.13,9,811,21,476718.39,3.4,2962.14,16946.03,0.29,Approved
45521.2,29,765,47,335023.78,3.9,8354.01,32306.7,0.71,Denied
56804.0,22,844,30,30805.45,2.9,594.56,2678.23,0.05,Approved
53907.22,3,624,51,426842.52,3.9,6437.45,55772.11,1.03,Denied
42417.77,20,682,52,299617.89,3.0,6112.84,19987.08,0.47,Denied
38115.49,18,712,40,316466.4,4.0,7538.35,52109.99,1.37,Denied
32529.57,5,725,81,460411.31,3.0,9916.29,56165.05,1.73,Denied
28028.34,26,646,22,490093.82,3.0,51.55,12703.28,0.45,Denied
57007.64,1,729,73,411761.15,3.6,5138.85,26565.84,0.47,Denied
46908.11,11,771,25,496433.39,3.1,8410.49,8723.44,0.19,Approved
29414.81,29,730,22,337701.33,3.3,6994.43,47195.83,1.6,Denied
57146.5,23,640,74,445548.54,3.8,6006.77,8587.08,0.15,Approved
51058.3,27,738,24,51377.17,2.6,5301.92,60994.89,1.19,Denied
58641.9,5,672,34,243127.2,3.2,9689.27,71705.79,1.22,Denied
53525.03,2,818,75,25227.8,2.7,9716.15,57874.3,1.08,Denied
48301.45,17,747,33,187665.18,3.6,7516.78,19941.88,0.41,Denied
46099.04,5,811,22,86188.92,2.7,2428.99,14860.7,0.32,Approved
57268.25,23,726,81,426917.44,3.2,3573.76,30268.16,0.53,Denied
27387.52,12,780,48,63260.16,2.9,5366.54,227.01,0.01,Approved
59065.28,26,759,44,415004.16,3.7,8736.47,21180.22,0.36,Approved
52441.6,30,680,72,122706.68,4.0,3879.1,47560.0,0.91,Denied
40567.25,5,649,71,303422.48,3.9,-599.2,39890.61,0.98,Denied
56051.97,19,759,68,367613.33,2.7,2088.93,9371.17,0.17,Approved
32118.31,14,698,45,57873.13,3.7,-227.72,62878.81,1.96,Denied
44310.08,22,641,51,181342.87,2.5,1130.41,28176.47,0.64,Denied
26732.21,23,622,25,95920.26,2.7,6314.78,26855.22,1.0,Denied
27428.08,25,836,67,145460.15,3.4,1759.36,61116.58,2.23,Denied
39689.98,20,723,61,336288.6,3.4,8079.89,11005.59,0.28,Approved
40100.87,23,798,44,85023.22,3.3,9614.81,57597.3,1.44,Denied
48670.06,29,798,83,302302.69,3.9,558.15,72145.71,1.48,Denied
59930.18,26,800,45,477406.93,3.7,3457.41,42717.39,0.71,Denied
38461.4,8,674,23,120499.7,3.5,711.45,6004.75,0.16,Approved
58520.04,6,760,49,264612.56,3.9,8534.62,50445.73,0.86,Denied
53382.48,20,774,24,78520.25,3.8,6622.6,21823.26,0.41,Denied
33580.89,15,629,81,333421.22,3.8,2851.67,30850.31,0.92,Denied
27004.57,19,694,53,294131.04,2.8,-740.3,12265.99,0.45,Denied
46859.38,27,739,31,142513.8,3.2,2106.73,58040.7,1.24,Denied
41605.73,26,711,31,84242.63,3.5,699.39,30602.5,0.74,Denied
43326.19,21,715,37,223678.85,2.9,8692.31,61825.58,1.43,Denied
53099.06,21,652,59,404606.73,3.1,5573.58,7597.06,0.14,Approved
47758.12,1,734,61,30455.62,3.6,4456.14,14621.68,0.31,Approved
31274.1,17,688,72,303621.92,3.0,2019.08,39472.61,1.26,Denied
34953.32,7,795,72,254704.62,4.0,110.35,72794.14,2.08,Denied
51329.64,14,645,62,365379.64,2.9,8322.23,737.09,0.01,Approved
30770.0,1,724,75,71552.71,3.8,3972.23,51410.74,1.67,Denied
45352.87,23,733,81,317502.17,3.0,1940.34,36171.94,0.8,Denied
56564.07,19,700,65,398961.15,3.1,7858.03,36378.06,0.64,Denied
34249.08,8,669,19,405306.65,2.5,492.96,41523.74,1.21,Denied
58807.26,22,698,43,308507.4,4.0,35.38,42946.76,0.73,Denied
51981.46,25,654,41,62417.99,2.7,2422.11,32685.91,0.63,Denied
28683.03,23,732,50,32591.95,3.1,9749.15,23083.93,0.8,Denied
50008.9,10,723,71,77486.21,3.1,-352.77,65968.9,1.32,Denied
58764.5,20,740,38,114391.76,4.0,7496.97,40983.96,0.7,Denied
39701.14,10,677,35,185174.79,3.4,7794.28,7133.86,0.18,Approved
58272.32,19,735,58,28335.95,2.9,9132.41,56069.82,0.96,Denied
45888.41,28,642,76,74110.6,3.3,-326.3,33827.03,0.74,Denied
30303.53,3,835,70,355202.21,2.6,6971.26,12256.47,0.4,Denied
51047.31,13,724,79,486951.74,3.9,-344.4,66191.86,1.3,Denied
59635.87,19,660,20,260202.95,3.5,2703.58,22813.1,0.38,Denied
51074.74,4,766,71,497490.61,2.5,3063.95,38872.09,0.76,Denied
46968.43,16,713,32,365710.09,3.2,11.07,20140.44,0.43,Denied
26539.7,11,708,44,140521.43,3.8,7776.44,27931.04,1.05,Denied
36287.04,25,737,64,470796.24,3.7,2601.39,37228.8,1.03,Denied
39926.16,19,621,37,245900.5,2.7,6280.99,47732.14,1.2,Denied
34653.75,26,746,72,498512.76,3.9,-17.01,44705.89,1.29,Denied
31788.85,2,726,80,432727.5,3.3,6480.19,73760.81,2.32,Denied
33139.1,6,741,51,45880.33,3.7,9252.13,55929.05,1.69,Denied
31709.3,14,820,63,393493.3,2.7,7174.68,44532.39,1.4,Denied
55747.74,6,703,55,33632.92,3.7,4525.87,43175.61,0.77,Denied
50483.06,9,664,41,7639.24,3.7,1037.27,56056.89,1.11,Denied
36069.58,18,718,45,18351.96,3.5,4311.15,29411.75,0.82,Denied
59548.86,30,844,38,200601.97,2.7,2465.65,59997.73,1.01,Denied
31355.74,14,679,26,147115.09,2.7,7400.65,71889.28,2.29,Denied
33970.02,10,817,57,222403.22,3.2,8652.49,42129.63,1.24,Denied
55506.84,18,777,52,307115.42,3.7,2070.92,35077.67,0.63,Denied
41291.87,7,672,40,161949.59,3.3,1652.95,26100.79,0.63,Denied
47051.29,9,784,56,496764.8,3.7,7267.92,66979.29,1.42,Denied
28076.85,22,700,84,424884.35,3.1,791.28,54368.29,1.94,Denied
55221.1,4,670,41,242627.84,3.8,1537.83,71943.19,1.3,Denied
43137.4,6,742,63,431918.06,3.9,6335.65,43875.28,1.02,Denied
43013.78,15,780,53,80038.43,2.9,-374.3,58573.25,1.36,Denied
47661.02,10,741,30,257263.86,3.3,1842.62,72737.61,1.53,Denied
33541.45,10,801,79,434383.84,3.3,9105.14,16667.12,0.5,Denied
48941.95,2,780,50,415556.48,2.6,-42.06,45038.36,0.92,Denied
36983.03,21,638,41,21969.0,2.5,4294.88,16855.35,0.46,Denied
42481.2,2,690,68,223990.03,2.9,5741.48,42801.43,1.01,Denied
35383.7,4,727,45,42402.25,2.6,8570.18,37254.24,1.05,Denied
59432.16,10,741,22,130516.16,2.5,7681.2,65061.11,1.09,Denied
44032.21,11,674,60,291552.54,2.5,2221.38,32551.14,0.74,Denied
42100.33,10,635,48,99152.13,2.6,1315.69,57968.55,1.38,Denied
53674.82,2,755,49,492022.71,2.9,3765.47,6642.02,0.12,Approved
34936.5,13,626,61,309299.59,2.6,3316.6,3660.7,0.1,Approved
29830.33,10,635,35,183662.48,2.7,7224.09,46347.99,1.55,Denied
30616.16,4,673,35,477823.67,2.5,2209.6,8706.75,0.28,Approved
56780.57,19,700,25,5368.57,2.6,5313.25,27227.58,0.48,Denied
53577.4,20,745,69,114864.25,3.6,70.29,48742.29,0.91,Denied
50771.53,20,713,57,462269.33,3.4,-34.8,72525.41,1.43,Denied
37578.76,4,621,21,121044.23,2.9,3348.82,73181.94,1.95,Denied
37097.08,24,696,37,79314.35,3.0,1472.64,49842.45,1.34,Denied
53779.97,17,787,22,59130.21,3.8,9556.0,64958.46,1.21,Denied
49719.59,22,739,28,171473.65,2.6,2348.57,19581.34,0.39,Denied
54737.33,22,835,81,235304.27,2.9,7899.9,5263.27,0.1,Approved
43717.44,28,751,55,498232.37,3.6,1827.15,65603.45,1.5,Denied
29522.55,27,633,69,197255.87,3.5,2066.97,13611.96,0.46,Denied
56700.07,14,701,39,181820.11,3.4,8544.63,33984.09,0.6,Denied
32463.96,24,699,37,98046.19,3.3,3341.21,52664.98,1.62,Denied
28982.47,20,634,41,36176.51,2.6,7006.4,24199.43,0.83,Denied
52665.58,29,627,61,209983.69,3.0,9002.42,73180.04,1.39,Denied
45203.95,6,637,64,434745.91,2.8,1370.75,36933.44,0.82,Denied
35467.74,22,833,27,324112.86,2.6,9733.97,69115.48,1.95,Denied
59187.54,8,628,56,193154.12,3.9,1811.78,6085.75,0.1,Approved
49953.07,6,786,83,320568.02,3.7,-89.35,26644.88,0.53,Denied
56496.7,23,761,23,117927.19,3.4,199.02,18364.59,0.33,Approved
27002.9,21,726,46,173851.57,3.6,7556.77,51392.11,1.9,Denied
45517.7,14,721,51,75867.66,3.4,1314.38,17086.81,0.38,Denied
56648.6,7,823,29,429820.7,2.9,4011.01,42509.4,0.75,Denied
48755.15,5,647,49,389234.47,3.6,6087.94,20905.72,0.43,Denied
54227.4,15,825,83,410877.32,2.7,4913.59,8879.65,0.16,Approved
57662.82,27,846,75,105126.29,2.7,632.8,4649.46,0.08,Approved
36018.14,8,756,43,144408.67,2.6,3821.06,66261.87,1.84,Denied
57693.52,17,644,26,97052.99,3.9,461.39,36196.69,0.63,Denied
39598.69,13,812,37,245629.73,3.7,-212.53,44083.3,1.11,Denied
50627.7,6,837,19,273553.72,2.7,3394.76,33797.39,0.67,Denied
39095.48,30,817,52,413565.67,3.1,4628.46,8366.25,0.21,Approved
27105.69,19,749,26,304684.88,3.0,7759.99,55005.53,2.03,Denied
55064.6,26,777,51,152760.22,3.5,8689.87,45940.91,0.83,Denied
51430.97,25,741,81,390638.41,2.9,245.98,69369.54,1.35,Denied
37425.59,9,704,36,343196.13,3.3,3370.55,1582.56,0.04,Approved
49754.2,26,722,48,48307.18,3.1,6334.09,74317.55,1.49,Denied
59181.29,5,666,39,336124.94,3.8,7556.03,2367.45,0.04,Approved
50052.83,27,635,53,464112.83,3.7,-390.17,56543.9,1.13,Denied
42327.95,8,660,44,77654.96,3.2,397.74,20554.77,0.49,Denied
30560.67,7,803,21,488941.29,3.5,3362.02,39384.54,1.29,Denied
32304.35,1,814,46,460446.36,2.8,-407.48,2360.73,0.07,Approved
54721.83,29,773,71,56640.14,2.6,6281.27,39348.62,0.72,Denied
39598.18,20,837,26,305078.65,3.0,4552.63,30469.91,0.77,Denied
43551.43,29,633,22,260539.68,2.9,9125.03,65529.38,1.5,Denied
43858.5,25,680,38,491031.77,2.7,3937.1,65921.0,1.5,Denied
58563.55,18,746,78,404315.92,3.3,6583.94,63599.3,1.09,Denied
31714.28,13,749,33,68366.45,2.8,9117.86,65302.54,2.06,Denied
35570.3,3,793,73,89837.82,3.3,4482.34,70877.79,1.99,Denied
54408.76,15,665,84,129556.74,3.6,-656.62,65313.54,1.2,Denied
31955.57,19,651,28,29745.7,2.7,-366.07,34565.87,1.08,Denied
44295.66,16,829,61,488757.64,3.2,1883.13,7885.26,0.18,Approved
47913.38,24,633,34,494334.7,4.0,5468.13,49015.26,1.02,Denied
52235.05,10,844,33,397262.82,3.1,8301.53,5216.86,0.1,Approved
28962.21,30,740,19,226585.21,3.5,6600.06,21273.41,0.73,Denied
38104.29,14,651,45,327888.55,2.9,1328.63,56670.1,1.49,Denied
43790.77,13,787,19,472975.52,2.5,9972.29,55079.36,1.26,Denied
41651.01,25,714,81,125253.78,2.7,818.55,55476.91,1.33,Denied
59901.6,14,670,21,202337.31,3.5,4115.01,74377.68,1.24,Denied
30797.89,5,754,63,169670.11,3.8,2334.28,18629.46,0.6,Denied
34043.76,27,685,42,120703.84,2.8,8360.68,2107.08,0.06,Approved
54073.62,13,643,41,189113.7,3.4,2860.5,42372.74,0.78,Denied
48674.46,15,748,63,406650.41,3.1,8384.47,28062.94,0.58,Denied
47598.72,9,827,28,355330.0,3.3,1581.07,49733.56,1.04,Denied
50090.66,27,722,48,432053.84,2.5,7672.76,6258.95,0.12,Approved
39725.67,30,778,58,173512.07,3.8,6781.4,7960.79,0.2,Approved
41925.77,4,754,45,267465.81,3.3,1985.57,48891.51,1.17,Denied
42201.52,24,801,83,278484.79,3.6,-152.61,46712.4,1.11,Denied
52044.74,21,837,19,272735.66,3.9,8541.0,69590.82,1.34,Denied
49486.29,24,672,65,327148.42,3.8,8075.26,66356.65,1.34,Denied
44179.78,1,769,29,455925.04,2.8,4234.51,21041.01,0.48,Denied
38775.98,4,733,49,281505.54,3.8,6287.23,18168.77,0.47,Denied
46176.78,12,773,30,448316.38,2.9,-84.73,4711.24,0.1,Approved
31497.43,15,771,73,280279.03,3.7,2771.98,52619.63,1.67,Denied
30668.75,23,627,85,268513.81,3.0,8771.76,66971.93,2.18,Denied
32613.43,21,792,64,112689.08,3.8,1152.9,52663.61,1.61,Denied
42088.24,28,776,81,82762.92,3.1,232.6,5391.94,0.13,Approved
38448.77,21,660,72,457172.2,2.7,6808.47,57585.65,1.5,Denied
32548.03,15,798,46,230830.86,2.6,3094.47,68647.38,2.11,Denied
27423.25,6,667,67,110141.85,3.2,5085.9,8019.81,0.29,Approved
43953.21,30,827,40,104168.8,2.5,603.17,8624.66,0.2,Approved
39834.87,1,786,46,405324.1,3.0,6233.03,52572.58,1.32,Denied
48335.22,29,632,28,128959.96,3.5,8689.38,53123.79,1.1,Denied
52350.43,19,735,59,22356.25,3.5,8978.82,27637.9,0.53,Denied
53107.95,4,824,48,172087.31,3.0,802.44,58316.6,1.1,Denied
27260.69,12,634,30,1414.95,3.2,9959.61,52066.02,1.91,Denied
50356.02,9,637,30,359242.23,2.8,2015.62,53177.31,1.06,Denied
37954.74,12,672,71,79725.05,3.6,778.53,36824.65,0.97,Denied
48854.12,14,790,65,246757.51,2.5,5713.81,46456.77,0.95,Denied
27717.33,24,849,72,238766.74,3.1,9007.04,16564.67,0.6,Denied
42161.94,2,779,54,204570.06,2.6,3535.39,32979.95,0.78,Denied
45214.19,12,766,47,92833.31,3.6,9137.83,5273.87,0.12,Approved
42605.52,10,784,26,374565.63,3.5,2152.7,49513.16,1.16,Denied
38702.49,8,644,26,191821.45,4.0,7145.3,26081.74,0.67,Denied
47625.28,2,637,42,164295.23,3.1,8458.48,10831.69,0.23,Approved
46457.04,15,828,35,133027.7,3.3,-15.43,23354.75,0.5,Denied
32655.8,18,642,68,291908.94,3.8,7823.2,61795.43,1.89,Denied
58793.95,21,708,18,209150.69,3.4,-680.48,7118.84,0.12,Approved
29953.39,17,642,30,177109.6,2.8,5202.38,20566.43,0.69,Denied
43949.98,7,713,73,185016.75,3.8,984.94,42535.98,0.97,Denied
53583.26,27,823,35,300639.45,3.1,7622.42,38424.47,0.72,Denied
47112.91,9,697,27,172509.37,3.4,9889.12,42938.02,0.91,Denied
44101.2,29,768,25,274751.21,3.2,5581.14,67316.83,1.53,Denied
54432.52,21,839,18,174889.36,3.9,9400.89,51398.32,0.94,Denied
37815.59,3,622,60,241268.68,3.4,9422.3,33491.73,0.89,Denied
39258.8,13,771,76,7646.23,3.2,3110.79,32124.01,0.82,Denied
48934.67,15,787,66,449512.52,3.5,4241.38,15479.17,0.32,Approved
40887.63,4,633,32,368826.35,3.0,6191.98,53414.81,1.31,Denied
42296.9,9,695,55,29448.06,3.8,8281.86,14255.9,0.34,Approved
54824.99,4,674,47,13675.37,2.6,160.49,13993.27,0.26,Approved
32426.37,24,671,58,363884.93,3.2,8189.69,69945.33,2.16,Denied
41407.38,18,701,71,96680.06,2.7,8034.93,30313.96,0.73,Denied
41545.45,26,739,27,88300.04,2.7,7781.85,20388.01,0.49,Denied
56639.26,22,681,61,229626.58,2.6,9087.04,44521.83,0.79,Denied
39565.34,21,749,18,4169.67,3.5,6739.98,47114.56,1.19,Denied
34940.98,6,674,23,421973.9,2.9,2081.75,41676.13,1.19,Denied
33889.69,17,698,32,256369.19,3.3,5477.81,7304.37,0.22,Approved
44077.74,22,839,19,462917.83,3.2,3783.86,24032.73,0.55,Denied
46456.11,29,659,61,459546.25,2.6,7311.23,26866.29,0.58,Denied
45287.78,29,794,18,105394.17,2.9,3705.86,20528.35,0.45,Denied
56315.88,18,677,39,246933.58,3.5,3345.61,39713.54,0.71,Denied
31879.3,25,712,65,297511.75,3.0,5178.74,35794.47,1.12,Denied
35540.58,11,816,32,105961.64,3.2,1326.54,11460.52,0.32,Approved
34280.88,13,668,61,229110.2,3.4,-446.09,57920.26,1.69,Denied
34601.44,25,839,58,484987.63,3.2,2678.55,45211.15,1.31,Denied
35427.63,10,817,53,431206.97,2.9,6118.19,476.73,0.01,Approved
59027.89,11,833,38,452135.9,3.9,580.18,25068.9,0.42,Denied
49976.04,22,671,49,296551.4,3.5,929.04,12446.12,0.25,Approved
31970.28,19,736,55,101993.72,3.3,2364.49,43230.46,1.35,Denied
30162.65,11,777,26,300790.07,3.8,1773.82,72474.07,2.4,Denied
38635.23,17,793,67,154901.69,3.8,4642.75,7960.4,0.21,Approved
53476.79,8,830,53,228576.71,2.5,267.34,30301.52,0.57,Denied
41421.3,18,648,58,395701.52,2.6,7635.46,60822.87,1.47,Denied
42529.29,4,723,80,445077.13,3.4,5831.47,8624.76,0.2,Approved
59803.69,4,812,59,335515.59,2.6,4981.27,31780.97,0.53,Denied
58293.41,13,822,71,189093.9,3.2,2713.51,12437.38,0.21,Approved
37059.89,28,687,75,109854.85,3.6,6973.63,54861.66,1.48,Denied
45134.01,26,632,23,308.91,3.4,-161.58,21882.5,0.48,Denied
49019.1,18,653,20,427555.0,3.6,9024.21,12943.61,0.26,Approved
27198.53,21,744,69,241970.5,2.6,6943.73,19654.57,0.72,Denied
43940.5,20,804,43,187335.69,2.7,6986.63,25244.58,0.57,Denied
38814.93,28,689,70,182476.16,3.5,-121.92,74439.05,1.92,Denied
32620.75,18,835,51,301509.08,2.8,6900.44,8855.71,0.27,Approved
38033.84,27,631,34,471067.13,3.4,2761.03,54980.23,1.45,Denied
28533.29,24,664,50,452959.84,3.7,846.67,9093.71,0.32,Approved
43874.59,9,703,39,172005.28,2.8,1851.02,11730.66,0.27,Approved
44701.89,30,813,58,298202.48,3.8,6264.31,16596.06,0.37,Denied
27755.21,17,757,40,231874.28,2.8,3688.11,35948.18,1.3,Denied
58358.8,9,764,28,116617.21,2.5,4040.81,20131.08,0.34,Approved
55570.74,15,640,48,120200.5,3.1,7492.9,7207.22,0.13,Approved
36841.04,9,659,59,96897.65,2.7,1070.76,17059.18,0.46,Denied
47067.23,17,718,81,188697.31,3.2,4438.54,12339.78,0.26,Approved
33761.36,20,738,26,284039.82,3.1,9578.84,26058.4,0.77,Denied
58080.03,17,703,57,138887.02,3.7,8061.98,69295.55,1.19,Denied
36371.03,13,670,55,134412.18,3.1,9691.61,21545.82,0.59,Denied
37934.21,22,633,39,478761.16,3.6,5978.82,15461.61,0.41,Denied
47735.43,25,848,44,360915.75,3.5,56.42,24202.63,0.51,Denied
46766.45,23,772,72,68735.73,3.7,2720.72,3498.58,0.07,Approved
26687.02,5,779,21,44058.32,4.0,682.26,67264.91,2.52,Denied
30785.81,24,701,40,101072.41,2.7,8571.19,42039.81,1.37,Denied
31478.81,11,639,34,350280.95,2.9,5235.38,45142.95,1.43,Denied
35275.47,30,801,58,324222.73,2.7,4558.94,57600.49,1.63,Denied
56555.58,13,832,28,50560.96,3.7,-871.73,23131.4,0.41,Denied
56096.5,6,762,27,25203.1,2.9,8514.86,50983.73,0.91,Denied
27368.01,2,847,78,246766.83,2.9,967.26,30700.61,1.12,Denied
39152.62,8,700,44,77405.22,2.6,1781.89,20238.22,0.52,Denied
47885.18,13,678,40,367198.88,2.9,-102.04,4920.61,0.1,Approved
42597.41,15,824,50,308212.34,3.8,5126.08,36931.65,0.87,Denied
42530.34,6,826,33,118134.58,3.8,1270.52,63492.61,1.49,Denied
56309.46,22,626,70,333084.53,3.2,1768.86,58253.32,1.03,Denied
41196.51,3,759,47,327368.67,3.9,677.57,72806.4,1.77,Denied
47328.04,2,655,28,375044.52,3.1,6437.95,72285.62,1.53,Denied
54137.69,13,692,85,85125.68,4.0,7087.27,69989.97,1.29,Denied
